"Arts, Entertainment & Recreation"
Manufacturing
Human Health & Social Work
Other Service Activities
Administrative & Support Service Activities
Mining & Quarrying
Public Administration & Defence
Accommodation & Food Services Activities
Construction
Financial & Insurance Activities
Real Estate Activities
"Wholesale & Retail, Repair of motor vehicles"
Information & Communication
Education
"Electricity, Gas, Steam & Air Con Supply"
"Professional, Scientific & Technical Activities"
"Water Supply, Sewarage, Waste Management etc"
Transport & Storage